rule_risk_tier,sender_state,amount_bucket,txn_count,fraud_count,total_amount,avg_amount,unique_senders,unique_recipients,new_device_txns,vpn_txns,ip_mismatch_txns,fraud_rate_pct,avg_amount_k
LOW,Odisha,S,745,3,829955.8500000004,1114.0346979865778,170,735,0,0,0,0.4,1.11
LOW,Arunachal Pradesh,M,163,2,658686.8099999998,4041.023374233128,51,163,0,0,0,1.23,4.04
LOW,Himachal Pradesh,S,387,2,413765.38,1069.1611886304909,92,387,0,0,0,0.52,1.07
MEDIUM,Kerala,S,338,55,363137.56999999983,1074.3715088757392,160,338,178,37,50,16.27,1.07
HIGH,Karnataka,M,294,266,1305113.5500000003,4439.161734693878,246,275,194,54,121,90.48,4.44
LOW,Andhra Pradesh,L,255,1,4535333.430000001,17785.62129411765,184,252,0,0,0,0.39,17.79
MEDIUM,Haryana,S,326,48,356445.4900000001,1093.3910736196322,143,326,172,44,58,14.72,1.09
MEDIUM,Meghalaya,M,50,14,217661.63,4353.2326,26,50,23,8,16,28.0,4.35
MEDIUM,Kerala,L,73,18,1440284.6300000001,19729.926438356168,63,73,38,10,13,24.66,19.73
HIGH,Maharashtra,S,309,260,371599.67000000004,1202.5879288025892,280,300,211,56,136,84.14,1.2
MEDIUM,Madhya Pradesh,M,413,113,1905670.420000001,4614.214092009688,225,408,166,47,77,27.36,4.61
LOW,Tripura,XS,104,1,26081.3,250.78173076923076,33,104,0,0,0,0.96,0.25
HIGH,Uttarakhand,XS,7,0,1857.21,265.3157142857143,6,7,7,0,7,0.0,0.27
LOW,Manipur,S,165,1,185744.07000000007,1125.7216363636367,37,165,0,0,0,0.61,1.13
HIGH,Haryana,M,100,92,452655.65000000014,4526.5565000000015,82,98,61,14,43,92.0,4.53
HIGH,Andhra Pradesh,S,70,55,81578.63999999998,1165.4091428571426,58,68,51,14,31,78.57,1.17
LOW,Goa,L,29,0,517381.9499999999,17840.75689655172,19,29,0,0,0,0.0,17.84
HIGH,Tripura,M,16,15,80575.69,5035.980625,12,16,7,3,4,93.75,5.04
HIGH,Tamil Nadu,XS,29,3,6568.759999999999,226.50896551724136,25,29,26,3,27,10.34,0.23
MEDIUM,Gujarat,XL,21,6,1461507.4700000002,69595.59380952382,21,21,11,4,2,28.57,69.6
MEDIUM,Bihar,XL,2,0,146392.38,73196.19,2,2,2,0,0,0.0,73.2
MEDIUM,Assam,L,23,7,507960.1400000001,22085.223478260872,18,23,13,3,4,30.43,22.09
LOW,Assam,M,232,3,1010135.0000000006,4354.030172413795,72,232,0,0,0,1.29,4.35
LOW,Madhya Pradesh,XL,28,2,2234382.94,79799.3907142857,27,28,0,0,0,7.14,79.8
LOW,Delhi,M,2003,18,8683447.269999988,4335.220803794303,549,1953,0,0,0,0.9,4.34
MEDIUM,Uttar Pradesh,XS,519,3,130236.79999999994,250.93795761078988,285,518,255,53,103,0.58,0.25
LOW,Madhya Pradesh,S,1562,11,1711772.000000001,1095.8847631242004,347,1539,0,0,0,0.7,1.1
MEDIUM,Tamil Nadu,S,912,161,1010212.7200000002,1107.6893859649126,464,896,440,113,165,17.65,1.11
MEDIUM,Uttar Pradesh,L,169,48,3153531.8100000015,18659.951538461548,137,169,86,23,30,28.4,18.66
LOW,Nagaland,M,130,0,578661.5299999997,4451.242538461536,42,130,0,0,0,0.0,4.45
MEDIUM,Karnataka,S,1085,177,1204512.510000001,1110.1497788018441,533,1062,536,126,229,16.31,1.11
MEDIUM,Delhi,XS,486,6,116438.83000000002,239.58606995884776,272,482,212,41,117,1.23,0.24
HIGH,Tamil Nadu,S,179,159,208611.83999999985,1165.429273743016,163,172,112,25,73,88.83,1.17
LOW,Chhattisgarh,XS,222,2,58038.58999999999,261.43509009009006,63,222,0,0,0,0.9,0.26
LOW,Meghalaya,S,165,2,170977.55000000008,1036.2275757575762,39,165,0,0,0,1.21,1.04
MEDIUM,Uttar Pradesh,XL,12,2,1040106.1499999999,86675.5125,12,12,6,1,1,16.67,86.68
MEDIUM,Arunachal Pradesh,S,93,7,97075.03000000004,1043.8175268817208,39,93,56,8,14,7.53,1.04
HIGH,Telangana,XS,18,1,4562.969999999999,253.4983333333333,16,18,17,3,17,5.56,0.25
MEDIUM,Delhi,XL,11,4,1100469.3599999999,100042.66909090908,11,11,8,3,0,36.36,100.04
HIGH,Madhya Pradesh,L,17,16,299734.47000000003,17631.439411764706,16,17,14,4,5,94.12,17.63
HIGH,Uttar Pradesh,XS,14,0,3375.05,241.07500000000002,12,14,14,1,14,0.0,0.24
MEDIUM,Goa,M,38,6,175484.24999999997,4618.006578947367,21,38,23,6,8,15.79,4.62
HIGH,Tamil Nadu,XL,5,5,309951.47,61990.293999999994,5,5,4,1,3,100.0,61.99
HIGH,Jharkhand,S,23,23,30053.7,1306.682608695652,22,23,18,4,13,100.0,1.31
LOW,Telangana,XS,2653,19,648300.0800000015,244.3649001130801,704,2579,0,0,0,0.72,0.24
LOW,Jharkhand,XS,656,3,154318.91999999995,235.2422560975609,168,651,0,0,0,0.46,0.24
LOW,Gujarat,XS,2621,21,637098.0900000007,243.07443342235814,705,2548,0,0,0,0.8,0.24
MEDIUM,Andhra Pradesh,S,437,61,474723.2199999997,1086.3231578947361,216,434,197,50,84,13.96,1.09
LOW,Andhra Pradesh,S,1395,9,1527508.5599999984,1094.9882150537624,311,1371,0,0,0,0.65,1.09
MEDIUM,Jharkhand,S,205,35,230460.66000000003,1124.1983414634149,105,204,97,15,53,17.07,1.12
LOW,Delhi,L,472,2,8981850.100000001,19029.343432203394,326,469,0,0,0,0.42,19.03
LOW,Haryana,M,838,5,3738444.180000005,4461.150572792369,232,828,0,0,0,0.6,4.46
MEDIUM,Odisha,XS,177,2,44653.54000000001,252.27988700564975,86,177,86,18,43,1.13,0.25
HIGH,Telangana,M,262,246,1200200.2400000007,4580.916946564888,229,247,171,46,105,93.89,4.58
MEDIUM,Haryana,XS,261,5,62993.679999999986,241.35509578544057,129,260,132,34,56,1.92,0.24
MEDIUM,Goa,L,15,5,347323.03,23154.86866666667,12,15,10,3,0,33.33,23.15
LOW,Bihar,XL,17,0,1319856.04,77638.5905882353,17,17,0,0,0,0.0,77.64
HIGH,Himachal Pradesh,M,31,28,131480.99000000005,4241.322258064518,29,31,22,5,13,90.32,4.24
MEDIUM,Punjab,L,63,17,1103333.3499999999,17513.227777777774,53,63,32,6,14,26.98,17.51
MEDIUM,Jharkhand,L,42,11,813296.2200000001,19364.195714285717,31,42,22,9,3,26.19,19.36
MEDIUM,Nagaland,S,53,13,56759.21,1070.9284905660377,31,53,23,9,9,24.53,1.07
HIGH,Goa,S,4,4,5225.65,1306.4125,4,4,3,2,1,100.0,1.31
MEDIUM,Uttarakhand,L,26,7,483079.35000000003,18579.975000000002,19,26,19,4,3,26.92,18.58
MEDIUM,Tripura,L,6,1,74955.43999999999,12492.573333333332,6,6,1,1,2,16.67,12.49
MEDIUM,Goa,XS,25,0,8082.460000000001,323.2984,13,25,17,2,5,0.0,0.32
MEDIUM,Madhya Pradesh,XL,8,2,766547.2,95818.4,8,8,5,1,0,25.0,95.82
HIGH,Haryana,L,15,12,291781.14999999997,19452.076666666664,15,15,8,1,7,80.0,19.45
LOW,Chhattisgarh,L,50,1,901671.0199999999,18033.4204,35,50,0,0,0,2.0,18.03
LOW,Arunachal Pradesh,S,194,2,210584.14000000007,1085.485257731959,52,193,0,0,0,1.03,1.09
LOW,Punjab,M,824,9,3516765.220000002,4267.918956310682,232,819,0,0,0,1.09,4.27
LOW,Uttarakhand,M,283,4,1146595.4200000009,4051.573922261487,78,280,0,0,0,1.41,4.05
LOW,Jharkhand,S,761,10,823297.22,1081.8623127463864,169,751,0,0,0,1.31,1.08
LOW,Punjab,S,1046,9,1150004.159999999,1099.430363288718,236,1035,0,0,0,0.86,1.1
MEDIUM,Punjab,XS,225,1,57630.80000000007,256.1368888888892,117,222,107,21,46,0.44,0.26
HIGH,Madhya Pradesh,XS,9,1,2345.0899999999997,260.56555555555553,7,9,8,1,8,11.11,0.26
MEDIUM,Bihar,XS,136,2,32983.590000000004,242.52639705882356,72,136,58,20,35,1.47,0.24
MEDIUM,Assam,M,78,27,314113.51,4027.0962820512823,47,78,43,9,12,34.62,4.03
HIGH,Himachal Pradesh,S,18,17,25119.92,1395.551111111111,18,18,13,5,7,94.44,1.4
MEDIUM,Tripura,XS,43,1,10966.75,255.0406976744186,22,43,24,4,10,2.33,0.26
LOW,Tamil Nadu,XL,64,1,5401167.850000001,84393.24765625001,63,64,0,0,0,1.56,84.39
HIGH,Assam,S,15,13,21197.72,1413.1813333333334,14,15,8,2,3,86.67,1.41
HIGH,Uttarakhand,XL,1,1,62700.0,62700.0,1,1,1,0,0,100.0,62.7
HIGH,Manipur,S,8,5,9139.33,1142.41625,7,8,5,3,4,62.5,1.14
HIGH,Assam,XS,4,0,1385.0100000000002,346.25250000000005,4,4,4,0,4,0.0,0.35
LOW,Delhi,XL,41,0,3542627.5800000005,86405.55073170734,41,41,0,0,0,0.0,86.41
MEDIUM,Andhra Pradesh,XL,9,2,613700.99,68188.99888888889,9,9,6,0,1,22.22,68.19
LOW,Meghalaya,XL,3,0,214922.04,71640.68000000001,3,3,0,0,0,0.0,71.64
HIGH,Delhi,XL,2,2,137353.24,68676.62,2,2,1,0,1,100.0,68.68
HIGH,Nagaland,L,1,1,10000.0,10000.0,1,1,1,1,0,100.0,10.0
LOW,Assam,XL,6,0,571696.3800000001,95282.73000000003,5,6,0,0,0,0.0,95.28
LOW,Delhi,S,2447,16,2654889.5100000007,1084.956890069473,561,2375,0,0,0,0.65,1.08
MEDIUM,Maharashtra,M,1568,417,6831081.489999997,4356.55707270408,858,1507,724,201,320,26.59,4.36
MEDIUM,Delhi,M,674,174,2950707.3300000005,4377.904050445105,357,665,329,91,131,25.82,4.38
LOW,Meghalaya,M,150,2,651040.3500000003,4340.269000000002,39,150,0,0,0,1.33,4.34
LOW,Mizoram,M,168,0,773501.0000000003,4604.172619047621,47,168,0,0,0,0.0,4.6
LOW,Odisha,XS,639,6,153329.25999999978,239.95189358372423,169,635,0,0,0,0.94,0.24
MEDIUM,Uttarakhand,XS,113,1,26886.24000000001,237.9313274336284,50,113,73,9,17,0.88,0.24
LOW,Uttarakhand,XS,293,0,69661.88999999997,237.75389078498284,81,290,0,0,0,0.0,0.24
LOW,Tripura,M,101,2,458385.3999999999,4538.469306930692,33,101,0,0,0,1.98,4.54
LOW,Jharkhand,M,578,3,2505939.519999999,4335.535501730103,163,573,0,0,0,0.52,4.34
MEDIUM,Manipur,S,56,7,62146.64,1109.7614285714285,22,56,33,0,10,12.5,1.11
LOW,Mizoram,L,41,1,701293.5900000001,17104.721707317076,28,41,0,0,0,2.44,17.1
MEDIUM,Manipur,M,50,16,211536.91,4230.7382,27,50,20,5,15,32.0,4.23
MEDIUM,Jharkhand,M,177,48,777610.6499999999,4393.280508474576,104,177,75,25,45,27.12,4.39
LOW,Tripura,S,167,0,180885.48999999996,1083.1466467065866,34,167,0,0,0,0.0,1.08
HIGH,Gujarat,XS,18,1,4418.670000000001,245.4816666666667,16,18,17,1,17,5.56,0.25
MEDIUM,Tripura,XL,2,0,112713.93,56356.965,2,2,1,0,0,0.0,56.36
HIGH,Uttarakhand,L,4,4,94484.22,23621.055,4,4,3,1,3,100.0,23.62
HIGH,Meghalaya,M,19,18,76907.69,4047.773157894737,15,19,12,4,8,94.74,4.05
HIGH,Gujarat,XL,6,5,324407.68,54067.94666666666,6,6,2,2,0,83.33,54.07
LOW,West Bengal,M,1670,8,7410323.420000009,4437.319413173658,469,1652,0,0,0,0.48,4.44
LOW,Maharashtra,S,5989,60,6453922.090000001,1077.629335448322,1346,5565,0,0,0,1.0,1.08
LOW,Maharashtra,M,4615,40,2.0098848430000044E7,4355.11341928495,1325,4374,0,0,0,0.87,4.36
LOW,Karnataka,S,3879,37,4180338.35,1077.684544985821,874,3716,0,0,0,0.95,1.08
LOW,Maharashtra,XS,5021,42,1207459.7900000052,240.48193387771462,1328,4740,0,0,0,0.84,0.24
HIGH,Andhra Pradesh,L,34,33,713257.8900000001,20978.17323529412,29,34,22,4,10,97.06,20.98
MEDIUM,Kerala,XS,229,5,59686.93000000001,260.64161572052404,122,228,114,21,53,2.18,0.26
MEDIUM,Maharashtra,XS,1286,25,305875.24000000017,237.85010886469686,691,1253,572,154,302,1.94,0.24
MEDIUM,Odisha,L,48,10,978430.13,20383.961041666666,43,48,21,7,8,20.83,20.38
LOW,Rajasthan,L,340,5,6291335.640000007,18503.9283529412,231,340,0,0,0,1.47,18.5
HIGH,Maharashtra,L,134,124,2417949.1900000004,18044.39694029851,128,133,91,30,64,92.54,18.04
MEDIUM,Bihar,S,194,28,220622.12999999998,1137.227474226804,92,193,95,24,38,14.43,1.14
LOW,Goa,S,168,2,172695.12,1027.9471428571428,36,168,0,0,0,1.19,1.03
MEDIUM,Telangana,XS,622,9,153722.66999999998,247.14255627009643,348,613,275,67,145,1.45,0.25
HIGH,Gujarat,M,252,241,1095736.2,4348.159523809523,212,244,182,43,102,95.63,4.35
MEDIUM,Arunachal Pradesh,XS,61,1,14304.540000000003,234.50065573770496,30,61,29,9,11,1.64,0.23
MEDIUM,Tamil Nadu,XL,15,6,1161368.7300000002,77424.58200000001,14,15,6,3,2,40.0,77.42
MEDIUM,Delhi,S,645,76,705180.7599999997,1093.3035038759685,327,642,318,73,137,11.78,1.09
HIGH,Meghalaya,L,5,5,73359.85,14671.970000000001,5,5,2,1,2,100.0,14.67
MEDIUM,Assam,XS,64,1,15622.519999999997,244.10187499999995,33,63,33,8,16,1.56,0.24
LOW,Meghalaya,L,38,0,641262.31,16875.323947368423,26,38,0,0,0,0.0,16.88
HIGH,Haryana,XS,7,0,2194.8199999999997,313.54571428571427,7,7,7,0,7,0.0,0.31
HIGH,Punjab,M,86,79,391039.33999999985,4546.9690697674405,75,84,61,12,35,91.86,4.55
LOW,Kerala,XL,12,0,883143.7699999999,73595.31416666666,11,12,0,0,0,0.0,73.6
HIGH,Maharashtra,XL,13,13,880383.87,67721.83615384615,13,13,6,4,1,100.0,67.72
HIGH,West Bengal,XL,5,5,333500.0,66700.0,5,5,2,1,0,100.0,66.7
HIGH,Tripura,S,3,3,3300.0,1100.0,3,3,2,2,2,100.0,1.1
MEDIUM,Odisha,XL,6,2,478944.85,79824.14166666666,6,6,5,1,1,33.33,79.82
MEDIUM,Meghalaya,L,10,5,175645.15,17564.515,9,10,6,3,1,50.0,17.56
HIGH,Goa,L,4,4,84228.32,21057.08,4,4,4,0,3,100.0,21.06
MEDIUM,Karnataka,XS,790,17,190328.97000000006,240.92274683544312,417,780,387,99,175,2.15,0.24
MEDIUM,Mizoram,S,71,11,82368.96999999999,1160.126338028169,35,71,32,10,17,15.49,1.16
MEDIUM,Jharkhand,XS,131,6,31882.779999999995,243.37999999999997,79,130,47,20,34,4.58,0.24
LOW,Gujarat,S,3042,26,3306164.0200000033,1086.8389283366216,706,2947,0,0,0,0.85,1.09
LOW,Uttar Pradesh,XS,2237,23,538231.4200000016,240.60412159141777,604,2185,0,0,0,1.03,0.24
LOW,Madhya Pradesh,XS,1322,8,306306.3699999995,231.699220877458,338,1308,0,0,0,0.61,0.23
MEDIUM,Maharashtra,S,1708,227,1889024.3599999985,1105.9861592505845,854,1655,824,187,359,13.29,1.11
LOW,Mizoram,XS,167,4,37572.08000000001,224.98251497005992,47,167,0,0,0,2.4,0.22
LOW,Delhi,XS,2117,18,517662.5600000005,244.5264808691547,553,2066,0,0,0,0.85,0.24
HIGH,Gujarat,S,166,147,199993.38,1204.7793975903614,151,158,104,22,65,88.55,1.2
LOW,Manipur,L,21,0,398241.0299999999,18963.858571428565,18,21,0,0,0,0.0,18.96
HIGH,Delhi,M,196,187,856822.2999999999,4371.542346938775,167,189,138,42,77,95.41,4.37
MEDIUM,West Bengal,S,637,88,706193.1899999998,1108.6235321821034,320,630,280,69,141,13.81,1.11
HIGH,Rajasthan,M,141,129,624047.3499999997,4425.867730496452,119,137,96,28,55,91.49,4.43
HIGH,Mizoram,M,15,15,67590.2,4506.013333333333,12,15,10,4,4,100.0,4.51
LOW,Haryana,XL,12,0,890651.5000000001,74220.95833333334,12,12,0,0,0,0.0,74.22
HIGH,Delhi,S,132,110,154873.79999999996,1173.2863636363634,125,130,96,25,59,83.33,1.17
HIGH,Punjab,S,57,50,65023.16,1140.7571929824562,55,57,42,6,27,87.72,1.14
LOW,West Bengal,XL,20,1,1522766.26,76138.313,19,20,0,0,0,5.0,76.14
LOW,Manipur,M,122,1,551301.7,4518.866393442622,35,122,0,0,0,0.82,4.52
MEDIUM,Telangana,XL,17,6,1340456.5500000003,78850.38529411766,17,17,10,2,1,35.29,78.85
HIGH,Assam,L,15,15,275658.44,18377.229333333333,14,15,9,4,7,100.0,18.38
LOW,Odisha,XL,10,0,748961.4899999999,74896.14899999999,9,10,0,0,0,0.0,74.9
HIGH,Mizoram,S,11,11,13943.09,1267.5536363636363,11,11,6,1,3,100.0,1.27
HIGH,Arunachal Pradesh,XS,4,0,735.8000000000001,183.95000000000002,4,4,4,1,4,0.0,0.18
MEDIUM,Haryana,M,285,82,1308005.6899999995,4589.493649122805,143,280,146,36,51,28.77,4.59
LOW,Uttar Pradesh,M,2174,26,9513982.289999997,4376.256803127873,608,2109,0,0,0,1.2,4.38
MEDIUM,Gujarat,M,774,215,3394195.1699999953,4385.265077519373,417,765,348,85,168,27.78,4.39
LOW,Uttar Pradesh,S,2720,21,2934349.7700000023,1078.8050625000008,615,2627,0,0,0,0.77,1.08
HIGH,Uttar Pradesh,M,242,226,1085084.7499999995,4483.821280991734,206,234,151,41,74,93.39,4.48
MEDIUM,Uttar Pradesh,S,755,89,840793.1199999998,1113.6332715231786,379,747,380,74,154,11.79,1.11
LOW,Bihar,M,499,3,2181401.1599999997,4371.545410821643,148,495,0,0,0,0.6,4.37
LOW,Bihar,S,666,6,736910.1999999993,1106.4717717717706,151,658,0,0,0,0.9,1.11
LOW,Chhattisgarh,M,248,2,1078886.7900000003,4350.349959677421,64,246,0,0,0,0.81,4.35
LOW,Haryana,XS,834,5,193486.2,231.99784172661873,235,827,0,0,0,0.6,0.23
LOW,Kerala,M,794,4,3471574.919999999,4372.2606045340035,229,786,0,0,0,0.5,4.37
HIGH,Bihar,S,34,31,40302.6,1185.370588235294,30,34,27,8,10,91.18,1.19
LOW,Andhra Pradesh,XS,1168,7,288806.38000000006,247.2657363013699,309,1154,0,0,0,0.6,0.25
LOW,Punjab,L,212,1,3912745.139999999,18456.344999999998,145,212,0,0,0,0.47,18.46
LOW,Jharkhand,L,126,3,2466920.2499999995,19578.732142857138,89,125,0,0,0,2.38,19.58
MEDIUM,Odisha,M,187,49,793873.9599999998,4245.315294117646,102,187,79,21,42,26.2,4.25
HIGH,Telangana,XL,6,6,405717.56999999995,67619.59499999999,6,6,4,1,3,100.0,67.62
LOW,Karnataka,XL,67,0,5400435.8100000005,80603.51955223881,62,67,0,0,0,0.0,80.6
HIGH,Karnataka,XS,15,0,3325.1200000000003,221.6746666666667,14,15,15,0,15,0.0,0.22
HIGH,Gujarat,L,56,55,1186197.3199999998,21182.094999999998,53,53,36,7,15,98.21,21.18
LOW,Nagaland,L,39,0,706049.19,18103.825384615382,26,39,0,0,0,0.0,18.1
LOW,Uttarakhand,L,65,0,1152006.7000000002,17723.180000000004,44,65,0,0,0,0.0,17.72
MEDIUM,Tripura,M,49,12,213307.06,4353.205306122449,27,49,29,6,6,24.49,4.35
HIGH,Tripura,XS,1,0,449.13,449.13,1,1,1,0,1,0.0,0.45
LOW,Himachal Pradesh,M,314,0,1391622.220000001,4431.917898089175,89,314,0,0,0,0.0,4.43
MEDIUM,Madhya Pradesh,L,68,17,1292476.4800000002,19007.007058823532,57,68,26,5,21,25.0,19.01
LOW,Telangana,M,2381,20,1.0330823810000002E7,4338.859223015541,701,2310,0,0,0,0.84,4.34
MEDIUM,Gujarat,S,843,125,933787.6500000011,1107.6959074733109,442,830,353,107,197,14.83,1.11
MEDIUM,Bihar,M,157,53,711777.22,4533.612866242038,83,157,76,17,33,33.76,4.53
MEDIUM,Maharashtra,L,391,108,7789633.759999995,19922.336982097175,322,388,171,49,79,27.62,19.92
MEDIUM,West Bengal,XS,412,9,100903.30000000005,244.9109223300972,225,409,189,48,98,2.18,0.24
MEDIUM,Nagaland,M,48,15,206825.23999999996,4308.859166666666,26,48,22,4,12,31.25,4.31
MEDIUM,Himachal Pradesh,S,120,21,133970.93000000002,1116.424416666667,59,120,58,22,23,17.5,1.12
LOW,Goa,XS,151,1,35073.37000000002,232.27397350993388,35,150,0,0,0,0.66,0.23
MEDIUM,Mizoram,M,46,11,184485.55999999997,4010.555652173912,29,46,25,4,7,23.91,4.01
LOW,Madhya Pradesh,L,255,1,4840749.830000003,18983.332666666676,172,255,0,0,0,0.39,18.98
LOW,Meghalaya,XS,132,0,31325.320000000003,237.31303030303033,38,132,0,0,0,0.0,0.24
HIGH,Kerala,XL,1,1,100000.0,100000.0,1,1,0,0,0,100.0,100.0
LOW,Andhra Pradesh,XL,14,0,1149628.6900000002,82116.335,14,14,0,0,0,0.0,82.12
LOW,Himachal Pradesh,L,74,1,1443617.02,19508.33810810811,49,74,0,0,0,1.35,19.51
MEDIUM,Nagaland,XS,39,1,9205.750000000002,236.04487179487185,23,39,17,4,10,2.56,0.24
HIGH,Karnataka,XL,7,7,476721.53,68103.07571428572,7,7,5,0,2,100.0,68.1
HIGH,Uttarakhand,S,23,19,25639.28,1114.7513043478261,22,22,13,4,15,82.61,1.11
HIGH,Meghalaya,XS,1,0,140.82,140.82,1,1,1,0,1,0.0,0.14
MEDIUM,Jharkhand,XL,7,2,578799.0199999999,82685.57428571428,7,7,2,1,1,28.57,82.69
LOW,Chhattisgarh,XL,6,0,481931.33999999997,80321.89,6,6,0,0,0,0.0,80.32
HIGH,Andhra Pradesh,XL,1,1,54841.45,54841.45,1,1,1,0,0,100.0,54.84
LOW,Tripura,XL,2,0,125827.37,62913.685,2,2,0,0,0,0.0,62.91
MEDIUM,Uttarakhand,M,131,34,554860.52,4235.576488549618,62,131,79,16,19,25.95,4.24
MEDIUM,Telangana,M,795,199,3516823.940000002,4423.677911949688,432,779,368,80,177,25.03,4.42
LOW,Tamil Nadu,M,2649,26,1.1556853819999995E7,4362.723223858057,735,2565,0,0,0,0.98,4.36
LOW,Punjab,XS,877,6,207097.09999999992,236.14264538198395,233,860,0,0,0,0.68,0.24
LOW,Kerala,L,183,2,3285121.989999999,17951.486284152998,127,182,0,0,0,1.09,17.95
HIGH,Maharashtra,XS,33,3,6781.729999999998,205.50696969696963,31,33,30,4,30,9.09,0.21
MEDIUM,Tamil Nadu,L,200,68,3961309.5499999984,19806.54774999999,167,198,85,28,35,34.0,19.81
HIGH,Manipur,M,18,17,75529.66,4196.0922222222225,17,18,13,3,6,94.44,4.2
HIGH,Madhya Pradesh,M,117,110,531229.03,4540.41905982906,103,115,74,26,45,94.02,4.54
HIGH,Rajasthan,S,89,73,105194.90999999999,1181.9652808988762,83,88,60,20,41,82.02,1.18
MEDIUM,Nagaland,L,9,3,180149.75,20016.63888888889,9,9,5,0,1,33.33,20.02
HIGH,West Bengal,S,90,83,108036.03000000001,1200.4003333333335,86,90,53,23,33,92.22,1.2
HIGH,Himachal Pradesh,XS,1,0,256.5,256.5,1,1,1,1,1,0.0,0.26
LOW,Jharkhand,XL,12,0,1051835.41,87652.95083333332,12,12,0,0,0,0.0,87.65
HIGH,Nagaland,S,6,5,8692.65,1448.7749999999999,5,6,5,0,2,83.33,1.45
HIGH,Arunachal Pradesh,M,20,16,71687.11,3584.3555,17,20,14,3,9,80.0,3.58
LOW,Nagaland,XL,2,0,111332.20999999999,55666.104999999996,2,2,0,0,0,0.0,55.67
HIGH,Arunachal Pradesh,XL,1,1,50000.0,50000.0,1,1,1,0,1,100.0,50.0
HIGH,Telangana,L,55,52,1050115.31,19093.005636363636,51,55,30,7,23,94.55,19.09
LOW,Karnataka,L,729,10,1.342648017E7,18417.66827160494,499,720,0,0,0,1.37,18.42
LOW,Tamil Nadu,L,612,5,1.145447865000002E7,18716.468382352974,432,610,0,0,0,0.82,18.72
MEDIUM,Karnataka,L,235,74,4456246.329999999,18962.75034042553,194,234,106,32,45,31.49,18.96
LOW,Gujarat,L,568,3,1.1041661540000003E7,19439.544964788736,396,563,0,0,0,0.53,19.44
LOW,West Bengal,XS,1709,13,414828.0,242.73142188414278,480,1679,0,0,0,0.76,0.24
MEDIUM,Andhra Pradesh,M,356,84,1602488.6299999985,4501.372556179771,197,352,179,57,63,23.6,4.5
LOW,Rajasthan,XS,1547,12,373088.3799999998,241.16895927601794,401,1521,0,0,0,0.78,0.24
MEDIUM,Andhra Pradesh,XS,294,8,71257.72999999997,242.3732312925169,151,291,141,36,63,2.72,0.24
LOW,Assam,S,334,3,362272.94999999984,1084.6495508982032,74,334,0,0,0,0.9,1.08
MEDIUM,Telangana,S,865,146,940942.4400000002,1087.7947283236997,422,857,409,104,182,16.88,1.09
MEDIUM,Rajasthan,S,566,70,628868.9299999992,1111.0758480565357,276,560,276,66,108,12.37,1.11
LOW,Telangana,L,599,4,1.1775549670000019E7,19658.68058430721,399,590,0,0,0,0.67,19.66
LOW,Maharashtra,L,1083,11,2.073180567000002E7,19142.941523545724,742,1075,0,0,0,1.02,19.14
MEDIUM,Himachal Pradesh,M,106,26,436229.3999999999,4115.371698113207,61,105,58,10,16,24.53,4.12
LOW,Tripura,L,27,0,486572.11,18021.18925925926,18,27,0,0,0,0.0,18.02
LOW,Odisha,L,153,0,2995474.879999998,19578.267189542472,100,153,0,0,0,0.0,19.58
MEDIUM,Himachal Pradesh,XS,78,2,19961.169999999995,255.91243589743584,42,78,35,9,14,2.56,0.26
LOW,Mizoram,XL,3,0,201322.91,67107.63666666667,3,3,0,0,0,0.0,67.11
MEDIUM,Maharashtra,XL,25,5,1600335.75,64013.43,24,25,7,3,10,20.0,64.01
MEDIUM,Chhattisgarh,L,22,7,344959.98000000004,15679.999090909092,17,22,15,3,4,31.82,15.68
HIGH,Kerala,L,24,24,551390.3500000001,22974.59791666667,24,24,17,6,11,100.0,22.97
HIGH,Assam,M,27,23,137047.5,5075.833333333333,25,27,19,5,16,85.19,5.08
MEDIUM,Punjab,XL,5,1,417097.01,83419.402,5,5,2,1,0,20.0,83.42
MEDIUM,Haryana,XL,9,3,723440.17,80382.24111111111,9,9,4,1,3,33.33,80.38
MEDIUM,Chhattisgarh,XL,1,0,50095.95,50095.95,1,1,1,0,0,0.0,50.1
MEDIUM,Karnataka,M,1007,293,4167731.5400000038,4138.760218470708,546,975,493,110,198,29.1,4.14
MEDIUM,Assam,S,91,10,99473.15000000002,1093.1115384615387,48,91,47,11,16,10.99,1.09
HIGH,Karnataka,S,189,166,232603.32,1230.705396825397,166,184,126,28,76,87.83,1.23
MEDIUM,Tamil Nadu,XS,727,16,180178.6000000002,247.8385144429164,391,716,338,76,179,2.2,0.25
LOW,Gujarat,M,2414,13,1.0552346079999983E7,4371.311549295768,695,2351,0,0,0,0.54,4.37
HIGH,Maharashtra,M,518,478,2243901.87,4331.856891891892,447,472,321,79,191,92.28,4.33
LOW,Odisha,M,580,6,2552026.779999999,4400.046172413791,170,574,0,0,0,1.03,4.4
LOW,Haryana,S,1110,10,1206792.3899999994,1087.200351351351,239,1089,0,0,0,0.9,1.09
LOW,Andhra Pradesh,M,1081,6,4724457.979999987,4370.45141535614,309,1071,0,0,0,0.56,4.37
MEDIUM,Madhya Pradesh,S,428,55,456979.7300000002,1067.7096495327107,229,426,175,51,101,12.85,1.07
MEDIUM,West Bengal,M,557,178,2458853.0899999994,4414.4579712746845,297,552,266,75,103,31.96,4.41
LOW,Punjab,XL,22,0,1801290.1300000004,81876.82409090911,22,22,0,0,0,0.0,81.88
MEDIUM,Gujarat,XS,582,13,139162.75000000003,239.1112542955327,336,569,232,63,139,2.23,0.24
LOW,Gujarat,XL,34,0,3029621.88,89106.52588235294,33,34,0,0,0,0.0,89.11
HIGH,Telangana,S,155,137,191627.72999999992,1236.3079354838706,139,151,107,29,67,88.39,1.24
MEDIUM,Rajasthan,XL,9,3,695632.94,77292.54888888888,9,9,6,1,1,33.33,77.29
LOW,Nagaland,XS,159,2,41627.06000000002,261.80540880503156,41,157,0,0,0,1.26,0.26
LOW,Assam,L,66,1,1296335.3900000004,19641.44530303031,40,66,0,0,0,1.52,19.64
MEDIUM,Tripura,S,42,4,45223.48000000001,1076.7495238095241,22,41,23,0,8,9.52,1.08
MEDIUM,Karnataka,XL,17,3,1240877.7999999998,72992.81176470587,16,17,8,5,1,17.65,72.99
MEDIUM,Bihar,L,38,12,766309.3000000003,20166.034210526323,32,38,14,5,10,31.58,20.17
LOW,Maharashtra,XL,79,0,6742223.769999999,85344.60468354428,73,79,0,0,0,0.0,85.34
MEDIUM,Uttarakhand,S,148,11,164461.43000000005,1111.2258783783786,59,148,92,16,26,7.43,1.11
LOW,Nagaland,S,208,4,227365.32999999996,1093.1025480769229,43,208,0,0,0,1.92,1.09
HIGH,Jharkhand,M,60,55,258333.47999999998,4305.558,48,59,42,13,30,91.67,4.31
HIGH,Rajasthan,L,33,31,659418.9400000001,19982.392121212124,31,33,25,8,12,93.94,19.98
HIGH,Kerala,M,85,78,359941.0299999999,4234.6003529411755,72,84,61,19,37,91.76,4.23
HIGH,West Bengal,XS,12,1,3128.8300000000004,260.73583333333335,12,12,12,0,12,8.33,0.26
HIGH,Himachal Pradesh,L,14,14,243418.85,17387.060714285715,13,14,10,3,5,100.0,17.39
MEDIUM,Arunachal Pradesh,XL,1,1,50000.0,50000.0,1,1,1,0,0,100.0,50.0
HIGH,Madhya Pradesh,XL,6,4,396910.63,66151.77166666667,6,6,3,3,1,66.67,66.15
MEDIUM,Mizoram,XL,1,0,75196.38,75196.38,1,1,0,0,0,0.0,75.2
HIGH,Manipur,L,4,4,72298.62,18074.655,4,4,4,0,3,100.0,18.07
MEDIUM,Chhattisgarh,S,113,14,129444.13999999998,1145.5233628318583,40,113,76,14,11,12.39,1.15
LOW,Telangana,S,3134,23,3442221.09000001,1098.3475079770294,712,3040,0,0,0,0.73,1.1
LOW,Karnataka,M,3062,26,1.3158546679999989E7,4297.369915088174,850,2960,0,0,0,0.85,4.3
LOW,Kerala,S,1065,11,1135775.33,1066.4557089201878,231,1059,0,0,0,1.03,1.07
HIGH,Karnataka,L,81,76,1318707.4700000002,16280.339135802471,79,80,52,11,28,93.83,16.28
HIGH,Tamil Nadu,M,257,242,1108864.4699999997,4314.647743190661,216,245,177,50,101,94.16,4.31
LOW,Himachal Pradesh,XS,356,0,88134.52000000003,247.5688764044945,91,356,0,0,0,0.0,0.25
HIGH,Chhattisgarh,L,5,5,69433.04999999999,13886.609999999997,4,5,5,1,4,100.0,13.89
MEDIUM,Delhi,L,135,39,2494879.69,18480.590296296297,115,135,61,14,22,28.89,18.48
MEDIUM,Haryana,L,68,17,1275517.5000000005,18757.610294117654,53,68,36,7,8,25.0,18.76
HIGH,Rajasthan,XL,4,4,290200.0,72550.0,4,4,3,0,3,100.0,72.55
HIGH,Delhi,L,46,42,849248.0800000002,18461.9147826087,43,46,33,7,23,91.3,18.46
LOW,Mizoram,S,216,3,238377.6799999999,1103.60037037037,47,216,0,0,0,1.39,1.1
MEDIUM,Andhra Pradesh,L,88,25,1582395.2999999998,17981.76477272727,77,88,40,13,20,28.41,17.98
MEDIUM,Goa,S,54,3,58909.770000000004,1090.9216666666669,25,54,28,8,10,5.56,1.09
MEDIUM,Mizoram,XS,44,2,11865.210000000003,269.6638636363637,25,44,22,3,11,4.55,0.27
LOW,Arunachal Pradesh,XL,4,0,478009.18,119502.295,4,4,0,0,0,0.0,119.5
LOW,Uttarakhand,XL,8,0,769449.56,96181.195,7,8,0,0,0,0.0,96.18
MEDIUM,Manipur,L,15,4,312645.00999999995,20843.000666666663,11,15,11,2,2,26.67,20.84
HIGH,Chhattisgarh,M,27,21,111205.99999999999,4118.74074074074,20,27,25,8,13,77.78,4.12
HIGH,Manipur,XS,1,0,405.92,405.92,1,1,1,0,1,0.0,0.41
HIGH,Kerala,XS,6,0,1050.81,175.135,4,6,6,0,6,0.0,0.18
MEDIUM,Mizoram,L,14,6,273841.67000000004,19560.11928571429,11,14,4,1,3,42.86,19.56
HIGH,Goa,XS,3,0,1245.44,415.1466666666667,3,3,3,0,3,0.0,0.42
HIGH,West Bengal,L,46,46,741436.73,16118.189782608695,45,46,32,12,16,100.0,16.12
LOW,Kerala,XS,830,6,202888.24000000022,244.44366265060268,224,825,0,0,0,0.72,0.24
LOW,Tamil Nadu,XS,2865,26,706926.5799999997,246.7457521815008,744,2768,0,0,0,0.91,0.25
HIGH,Andhra Pradesh,M,94,89,413849.24999999994,4402.65159574468,80,91,51,22,31,94.68,4.4
HIGH,Uttar Pradesh,S,146,124,172519.79,1181.642397260274,133,144,101,24,65,84.93,1.18
LOW,Uttar Pradesh,L,509,6,9306446.970000003,18283.785795677806,340,504,0,0,0,1.18,18.28
MEDIUM,Rajasthan,XS,391,3,96088.90000000011,245.75166240409234,211,390,192,43,93,0.77,0.25
HIGH,Kerala,S,58,48,70834.92000000001,1221.2917241379312,54,58,42,7,27,82.76,1.22
MEDIUM,Punjab,M,279,75,1231659.3800000006,4414.549749103945,157,278,124,25,61,26.88,4.41
LOW,Uttar Pradesh,XL,40,0,3534375.2400000007,88359.38100000002,40,40,0,0,0,0.0,88.36
MEDIUM,Gujarat,L,185,41,3528865.2100000028,19074.947081081096,145,184,76,22,37,22.16,19.07
LOW,West Bengal,L,357,4,6777484.1700000055,18984.549495798336,261,354,0,0,0,1.12,18.98
MEDIUM,Kerala,M,277,56,1210721.4700000002,4370.835631768954,140,277,148,42,50,20.22,4.37
LOW,Rajasthan,XL,21,0,1532896.16,72995.05523809523,21,21,0,0,0,0.0,73.0
HIGH,Delhi,XS,13,1,2900.7199999999993,223.13230769230765,12,13,12,1,12,7.69,0.22
HIGH,Odisha,L,20,19,315384.09,15769.204500000002,18,20,13,5,6,95.0,15.77
HIGH,Punjab,L,22,19,390593.27999999997,17754.239999999998,21,22,17,3,10,86.36,17.75
HIGH,Arunachal Pradesh,S,21,18,27577.809999999998,1313.2290476190476,16,21,15,2,10,85.71,1.31
HIGH,Uttar Pradesh,L,55,53,1012338.3899999999,18406.152545454544,49,55,35,13,19,96.36,18.41
HIGH,Odisha,S,39,35,47298.27,1212.7761538461539,35,39,28,9,16,89.74,1.21
HIGH,Jharkhand,XL,4,4,279791.93,69947.9825,4,4,3,0,1,100.0,69.95
HIGH,Nagaland,XS,3,1,760.29,253.42999999999998,3,3,2,1,3,33.33,0.25
HIGH,Arunachal Pradesh,L,3,3,40900.0,13633.333333333334,3,3,2,1,3,100.0,13.63
HIGH,West Bengal,M,173,167,716268.53,4140.280520231214,143,169,108,30,57,96.53,4.14
MEDIUM,Odisha,S,215,43,235460.5999999999,1095.1655813953482,111,213,97,34,42,20.0,1.1
LOW,Madhya Pradesh,M,1246,8,5503102.859999991,4416.615457463878,339,1224,0,0,0,0.64,4.42
LOW,West Bengal,S,2131,17,2292643.230000002,1075.853228531207,480,2076,0,0,0,0.8,1.08
LOW,Rajasthan,M,1377,12,6048930.220000003,4392.832403776328,396,1358,0,0,0,0.87,4.39
MEDIUM,Arunachal Pradesh,M,85,21,373720.45999999996,4396.7112941176465,41,85,48,11,9,24.71,4.4
MEDIUM,Punjab,S,298,45,328298.00999999983,1101.6711744966437,144,295,146,38,62,15.1,1.1
HIGH,Chhattisgarh,S,12,8,12922.800000000001,1076.9,12,12,9,2,5,66.67,1.08
MEDIUM,Rajasthan,M,490,122,2145894.770000001,4379.377081632655,261,486,245,53,103,24.9,4.38
MEDIUM,Chhattisgarh,M,93,20,413997.72999999975,4451.588494623653,45,93,58,11,13,21.51,4.45
HIGH,Odisha,M,57,54,231677.25000000003,4064.5131578947376,46,57,38,13,23,94.74,4.06
LOW,Haryana,L,176,5,3319299.7499999995,18859.657670454544,129,176,0,0,0,2.84,18.86
LOW,Bihar,L,108,3,1962558.5200000003,18171.838148148152,75,108,0,0,0,2.78,18.17
MEDIUM,Meghalaya,S,53,6,60744.25,1146.117924528302,24,53,32,4,11,11.32,1.15
LOW,Arunachal Pradesh,XS,166,2,40021.99999999999,241.09638554216863,52,166,0,0,0,1.2,0.24
LOW,Arunachal Pradesh,L,52,1,1001119.51,19252.29826923077,32,52,0,0,0,1.92,19.25
HIGH,Andhra Pradesh,XS,4,0,424.83000000000004,106.20750000000001,4,4,4,0,4,0.0,0.11
HIGH,Bihar,M,54,51,229344.34999999992,4247.117592592591,48,54,37,15,22,94.44,4.25
LOW,Himachal Pradesh,XL,12,0,890672.57,74222.71416666666,12,12,0,0,0,0.0,74.22
LOW,Goa,M,132,2,565321.3300000001,4282.7373484848495,35,130,0,0,0,1.52,4.28
HIGH,Bihar,L,13,13,218076.78,16775.136923076923,12,13,8,2,4,100.0,16.78
HIGH,Nagaland,M,13,13,51787.99,3983.691538461538,13,13,7,8,3,100.0,3.98
MEDIUM,Chhattisgarh,XS,81,1,19167.87,236.64037037037036,35,81,51,9,13,1.23,0.24
HIGH,Goa,M,18,17,66653.51999999999,3702.973333333333,16,18,12,4,12,94.44,3.7
HIGH,Odisha,XS,3,0,738.3000000000001,246.10000000000002,3,3,3,0,3,0.0,0.25
HIGH,Chhattisgarh,XS,5,0,1747.7,349.54,4,5,5,0,5,0.0,0.35
MEDIUM,Meghalaya,XS,50,1,12641.419999999998,252.82839999999996,23,50,29,3,10,2.0,0.25
MEDIUM,Goa,XL,2,1,127283.22,63641.61,2,2,1,0,0,50.0,63.64
HIGH,Uttar Pradesh,XL,4,4,215039.82,53759.955,4,4,0,1,2,100.0,53.76
LOW,Rajasthan,S,1793,17,1933186.9299999985,1078.1856832124922,406,1748,0,0,0,0.95,1.08
HIGH,Uttarakhand,M,34,31,164924.54999999996,4850.722058823529,30,34,26,10,13,91.18,4.85
LOW,Karnataka,XS,3195,26,780075.5699999984,244.15510798122017,865,3067,0,0,0,0.81,0.24
LOW,Tamil Nadu,S,3383,33,3628055.8599999975,1072.4374401418852,751,3241,0,0,0,0.98,1.07
MEDIUM,Tamil Nadu,M,875,221,3889982.6300000018,4445.694434285716,449,861,448,103,158,25.26,4.45
MEDIUM,Madhya Pradesh,XS,300,8,70884.62999999999,236.28209999999996,172,300,128,30,75,2.67,0.24
LOW,Bihar,XS,524,2,132303.93000000002,252.48841603053438,147,522,0,0,0,0.38,0.25
LOW,Assam,XS,289,1,65049.749999999985,225.08564013840825,75,288,0,0,0,0.35,0.23
LOW,Chhattisgarh,S,290,2,308545.86000000004,1063.9512413793104,65,288,0,0,0,0.69,1.06
HIGH,Madhya Pradesh,S,74,63,82941.70999999999,1120.8339189189187,64,74,50,11,34,85.14,1.12
MEDIUM,Uttar Pradesh,M,713,188,3185623.489999997,4467.915133239828,387,703,363,87,137,26.37,4.47
MEDIUM,West Bengal,XL,13,5,1061562.9000000001,81658.68461538463,13,13,6,1,4,38.46,81.66
MEDIUM,Telangana,L,214,62,4161630.7400000026,19446.872616822442,160,213,113,24,43,28.97,19.45
LOW,Uttarakhand,S,361,2,381335.42,1056.3308033240996,81,360,0,0,0,0.55,1.06
MEDIUM,Manipur,XS,42,0,11357.970000000003,270.4278571428572,19,42,26,3,5,0.0,0.27
HIGH,Tamil Nadu,L,74,67,1407624.75,19021.95608108108,72,74,57,16,33,90.54,19.02
MEDIUM,West Bengal,L,133,34,2457461.769999999,18477.156165413526,106,133,55,15,33,25.56,18.48
LOW,Telangana,XL,43,0,3364854.8600000003,78252.43860465116,42,43,0,0,0,0.0,78.25
MEDIUM,Rajasthan,L,93,16,1862216.8700000003,20023.83731182796,80,93,45,13,22,17.2,20.02
LOW,Manipur,XS,136,0,31790.56,233.75411764705882,36,136,0,0,0,0.0,0.23
HIGH,Jharkhand,L,17,14,325783.8,19163.75294117647,17,17,12,2,9,82.35,19.16
MEDIUM,Himachal Pradesh,L,20,8,323313.70999999996,16165.685499999998,17,20,11,3,3,40.0,16.17
MEDIUM,Arunachal Pradesh,L,15,4,234616.44,15641.096,11,15,8,0,3,26.67,15.64
HIGH,Haryana,S,49,41,60092.09999999999,1226.3693877551018,44,49,36,9,20,83.67,1.23
HIGH,Meghalaya,S,6,6,8491.09,1415.1816666666666,6,6,4,1,1,100.0,1.42
HIGH,Rajasthan,XS,11,0,2696.4400000000005,245.13090909090914,8,11,11,1,11,0.0,0.25
HIGH,Haryana,XL,4,4,229238.83000000002,57309.707500000004,4,4,3,2,2,100.0,57.31
MEDIUM,Manipur,XL,2,0,170606.7,85303.35,2,2,1,1,0,0.0,85.3
HIGH,Mizoram,XL,1,1,50000.0,50000.0,1,1,0,0,1,100.0,50.0
HIGH,Punjab,XS,6,1,1376.3600000000001,229.39333333333335,5,6,5,1,5,16.67,0.23
HIGH,Assam,XL,2,2,129342.33,64671.165,2,2,1,1,0,100.0,64.67
HIGH,Bihar,XS,3,0,1015.6600000000001,338.55333333333334,2,3,3,0,3,0.0,0.34
HIGH,Punjab,XL,2,1,113711.04999999999,56855.524999999994,2,2,2,0,2,50.0,56.86
HIGH,Bihar,XL,1,1,74821.77,74821.77,1,1,1,0,0,100.0,74.82
HIGH,Tripura,L,3,3,66852.48000000001,22284.160000000003,3,3,3,1,2,100.0,22.28
MEDIUM,Nagaland,XL,1,0,57835.03,57835.03,1,1,0,0,1,0.0,57.84
HIGH,Jharkhand,XS,3,0,833.89,277.9633333333333,3,3,3,0,3,0.0,0.28
MEDIUM,Assam,XL,4,1,306973.25,76743.3125,3,4,3,1,0,25.0,76.74
LOW,Manipur,XL,3,0,327921.78,109307.26000000001,3,3,0,0,0,0.0,109.31
LOW,Goa,XL,2,0,145285.43,72642.715,2,2,0,0,0,0.0,72.64
MEDIUM,Kerala,XL,2,0,150717.2,75358.6,2,2,1,0,1,0.0,75.36
HIGH,Himachal Pradesh,XL,1,1,50000.0,50000.0,1,1,1,0,1,100.0,50.0
MEDIUM,Meghalaya,XL,1,0,52368.57,52368.57,1,1,0,0,0,0.0,52.37
MEDIUM,Himachal Pradesh,XL,2,0,316458.71,158229.355,2,2,1,0,1,0.0,158.23
HIGH,Manipur,XL,1,1,73900.0,73900.0,1,1,1,1,0,100.0,73.9
